file,functionName,returnType,line,primaryPhase,phases,signature
"WL_DRAW.C","CalcHeight","int",357,"phase-1-math","phase-1-math|phase-3-raycast","int CalcHeight(void)"
"WL_DRAW.C","CalcRotate","int",1022,"phase-1-math","phase-1-math|phase-3-raycast","int CalcRotate(objtype *ob)"
"WL_DRAW.C","CalcTics","void",1234,"phase-1-math","phase-1-math|phase-3-raycast","void CalcTics(void)"
"WL_DRAW.C","ClearScreen","void",887,"phase-1-math","phase-1-math|phase-3-raycast","void ClearScreen(void)"
"WL_DRAW.C","DrawPlayerWeapon","void",1199,"phase-1-math","phase-1-math|phase-3-raycast","void DrawPlayerWeapon(void)"
"WL_DRAW.C","DrawScaleds","void",1070,"phase-1-math","phase-1-math|phase-3-raycast","void DrawScaleds(void)"
"WL_DRAW.C","FixedByFrac","fixed",139,"phase-1-math","phase-1-math|phase-3-raycast","fixed FixedByFrac(fixed a, fixed b)"
"WL_DRAW.C","FixOfs","void",1279,"phase-1-math","phase-1-math|phase-3-raycast","void FixOfs(void)"
"WL_DRAW.C","HitHorizDoor","void",618,"phase-1-math","phase-1-math|phase-3-raycast","void HitHorizDoor(void)"
"WL_DRAW.C","HitHorizPWall","void",757,"phase-1-math","phase-1-math|phase-3-raycast","void HitHorizPWall(void)"
"WL_DRAW.C","HitHorizWall","void",548,"phase-1-math","phase-1-math|phase-3-raycast","void HitHorizWall(void)"
"WL_DRAW.C","HitVertDoor","void",686,"phase-1-math","phase-1-math|phase-3-raycast","void HitVertDoor(void)"
"WL_DRAW.C","HitVertPWall","void",821,"phase-1-math","phase-1-math|phase-3-raycast","void HitVertPWall(void)"
"WL_DRAW.C","HitVertWall","void",475,"phase-1-math","phase-1-math|phase-3-raycast","void HitVertWall(void)"
"WL_DRAW.C","ThreeDRefresh","void",1334,"phase-1-math","phase-1-math|phase-3-raycast","void ThreeDRefresh(void)"
"WL_DRAW.C","TransformActor","void",209,"phase-1-math","phase-1-math|phase-3-raycast","void TransformActor(objtype *ob)"
"WL_DRAW.C","TransformTile","boolean",285,"phase-1-math","phase-1-math|phase-3-raycast","boolean TransformTile(int tx, int ty, int *dispx, int *dispheight)"
"WL_DRAW.C","VGAClearScreen","void",968,"phase-1-math","phase-1-math|phase-3-raycast","void VGAClearScreen(void)"
"WL_DRAW.C","WallRefresh","void",1296,"phase-1-math","phase-1-math|phase-3-raycast","void WallRefresh(void)"
"WL_MAIN.C","BuildTables","void",584,"phase-1-math","phase-1-math|phase-3-raycast","void BuildTables(void)"
"WL_MAIN.C","CalcProjection","void",639,"phase-1-math","phase-1-math|phase-3-raycast","void CalcProjection(long focal)"
"WL_MAIN.C","DemoLoop","void",1409,"phase-1-math","phase-1-math|phase-3-raycast","void DemoLoop(void)"
"WL_MAIN.C","DiskFlopAnim","void",291,"phase-1-math","phase-1-math|phase-3-raycast","void DiskFlopAnim(int x,int y)"
"WL_MAIN.C","DoChecksum","long",301,"phase-1-math","phase-1-math|phase-3-raycast","long DoChecksum(byte far *source,unsigned size,long checksum)"
"WL_MAIN.C","DoJukebox","void",1014,"phase-1-math","phase-1-math|phase-3-raycast","void DoJukebox(void)"
"WL_MAIN.C","FinishSignon","void",763,"phase-1-math","phase-1-math|phase-3-raycast","void FinishSignon(void)"
"WL_MAIN.C","InitDigiMap","void",959,"phase-1-math","phase-1-math|phase-3-raycast","void InitDigiMap(void)"
"WL_MAIN.C","InitGame","void",1143,"phase-1-math","phase-1-math|phase-3-raycast","void InitGame(void)"
"WL_MAIN.C","LoadTheGame","boolean",441,"phase-1-math","phase-1-math|phase-3-raycast","boolean LoadTheGame(int file,int x,int y)"
"WL_MAIN.C","main","void",1584,"phase-1-math","phase-1-math|phase-3-raycast","void main(void)"
"WL_MAIN.C","MS_CheckParm","boolean",817,"phase-1-math","phase-1-math|phase-3-raycast","boolean MS_CheckParm(char far *check)"
"WL_MAIN.C","NewGame","void",274,"phase-1-math","phase-1-math|phase-3-raycast","void NewGame(int difficulty,int episode)"
"WL_MAIN.C","NewViewSize","void",1322,"phase-1-math","phase-1-math|phase-3-raycast","void NewViewSize(int width)"
"WL_MAIN.C","Patch386","void",240,"phase-1-math","phase-1-math|phase-3-raycast","void Patch386(void)"
"WL_MAIN.C","Quit","void",1344,"phase-1-math","phase-1-math|phase-3-raycast","void Quit(char *error)"
"WL_MAIN.C","ReadConfig","void",88,"phase-1-math","phase-1-math|phase-3-raycast","void ReadConfig(void)"
"WL_MAIN.C","SaveTheGame","boolean",321,"phase-1-math","phase-1-math|phase-3-raycast","boolean SaveTheGame(int file,int x,int y)"
"WL_MAIN.C","SetupWalls","void",704,"phase-1-math","phase-1-math|phase-3-raycast","void SetupWalls(void)"
"WL_MAIN.C","SetViewSize","boolean",1276,"phase-1-math","phase-1-math|phase-3-raycast","boolean SetViewSize(unsigned width, unsigned height)"
"WL_MAIN.C","ShowViewSize","void",1306,"phase-1-math","phase-1-math|phase-3-raycast","void ShowViewSize(int width)"
"WL_MAIN.C","ShutdownId","void",555,"phase-1-math","phase-1-math|phase-3-raycast","void ShutdownId(void)"
"WL_MAIN.C","WriteConfig","void",191,"phase-1-math","phase-1-math|phase-3-raycast","void WriteConfig(void)"
"ID_CA.C","CA_CacheAudioChunk","void",1132,"phase-2-map","phase-2-map|phase-8-audio","void CA_CacheAudioChunk(int chunk)"
"ID_CA.C","CA_CacheGrChunk","void",1316,"phase-2-map","phase-2-map|phase-8-audio","void CA_CacheGrChunk(int chunk)"
"ID_CA.C","CA_CacheMap","void",1426,"phase-2-map","phase-2-map|phase-8-audio","void CA_CacheMap(int mapnum)"
"ID_CA.C","CA_CacheMarks","void",1649,"phase-2-map","phase-2-map|phase-8-audio","void CA_CacheMarks(void)"
"ID_CA.C","CA_CacheScreen","void",1379,"phase-2-map","phase-2-map|phase-8-audio","void CA_CacheScreen(int chunk)"
"ID_CA.C","CA_CannotOpen","void",1758,"phase-2-map","phase-2-map|phase-8-audio","void CA_CannotOpen(char *string)"
"ID_CA.C","CA_ClearAllMarks","void",1573,"phase-2-map","phase-2-map|phase-8-audio","void CA_ClearAllMarks(void)"
"ID_CA.C","CA_ClearMarks","void",1552,"phase-2-map","phase-2-map|phase-8-audio","void CA_ClearMarks(void)"
"ID_CA.C","CA_CloseDebug","void",175,"phase-2-map","phase-2-map|phase-8-audio","void CA_CloseDebug(void)"
"ID_CA.C","CA_DownLevel","void",1531,"phase-2-map","phase-2-map|phase-8-audio","void CA_DownLevel(void)"
"ID_CA.C","CA_FarRead","boolean",211,"phase-2-map","phase-2-map|phase-8-audio","boolean CA_FarRead(int handle, byte far *dest, long length)"
"ID_CA.C","CA_FarWrite","boolean",247,"phase-2-map","phase-2-map|phase-8-audio","boolean CA_FarWrite(int handle, byte far *source, long length)"
"ID_CA.C","CA_LoadAllSounds","void",1206,"phase-2-map","phase-2-map|phase-8-audio","void CA_LoadAllSounds(void)"
"ID_CA.C","CA_LoadFile","boolean",345,"phase-2-map","phase-2-map|phase-8-audio","boolean CA_LoadFile(char *filename, memptr *ptr)"
"ID_CA.C","CA_OpenDebug","void",169,"phase-2-map","phase-2-map|phase-8-audio","void CA_OpenDebug(void)"
"ID_CA.C","CA_ReadFile","boolean",284,"phase-2-map","phase-2-map|phase-8-audio","boolean CA_ReadFile(char *filename, memptr *ptr)"
"ID_CA.C","CA_RLEWCompress","long",675,"phase-2-map","phase-2-map|phase-8-audio","long CA_RLEWCompress(unsigned huge *source, long length, unsigned huge *dest,
  unsigned rlewtag)"
"ID_CA.C","CA_RLEWexpand","void",732,"phase-2-map","phase-2-map|phase-8-audio","void CA_RLEWexpand(unsigned huge *source, unsigned huge *dest,long length,
  unsigned rlewtag)"
"ID_CA.C","CA_SetAllPurge","void",1619,"phase-2-map","phase-2-map|phase-8-audio","void CA_SetAllPurge(void)"
"ID_CA.C","CA_SetGrPurge","void",1592,"phase-2-map","phase-2-map|phase-8-audio","void CA_SetGrPurge(void)"
"ID_CA.C","CA_Shutdown","void",1111,"phase-2-map","phase-2-map|phase-8-audio","void CA_Shutdown(void)"
"ID_CA.C","CA_Startup","void",1081,"phase-2-map","phase-2-map|phase-8-audio","void CA_Startup(void)"
"ID_CA.C","CA_UpLevel","void",1504,"phase-2-map","phase-2-map|phase-8-audio","void CA_UpLevel(void)"
"ID_CA.C","CA_WriteFile","boolean",313,"phase-2-map","phase-2-map|phase-8-audio","boolean CA_WriteFile(char *filename, void far *ptr, long length)"
"ID_CA.C","CAL_CarmackExpand","void",607,"phase-2-map","phase-2-map|phase-8-audio","void CAL_CarmackExpand(unsigned far *source, unsigned far *dest, unsigned length)"
"ID_CA.C","CAL_ExpandGrChunk","void",1259,"phase-2-map","phase-2-map|phase-8-audio","void CAL_ExpandGrChunk(int chunk, byte far *source)"
"ID_CA.C","CAL_GetGrChunkLength","void",193,"phase-2-map","phase-2-map|phase-8-audio","void CAL_GetGrChunkLength(int chunk)"
"ID_CA.C","CAL_HuffExpand","void",416,"phase-2-map","phase-2-map|phase-8-audio","void CAL_HuffExpand(byte huge *source, byte huge *dest,
  long length,huffnode *hufftable, boolean screenhack)"
"ID_CA.C","CAL_OptimizeNodes","void",385,"phase-2-map","phase-2-map|phase-8-audio","void CAL_OptimizeNodes(huffnode *table)"
"ID_CA.C","CAL_SetupAudioFile","void",1024,"phase-2-map","phase-2-map|phase-8-audio","void CAL_SetupAudioFile(void)"
"ID_CA.C","CAL_SetupGrFile","void",859,"phase-2-map","phase-2-map|phase-8-audio","void CAL_SetupGrFile(void)"
"ID_CA.C","CAL_SetupMapFile","void",940,"phase-2-map","phase-2-map|phase-8-audio","void CAL_SetupMapFile(void)"
"ID_CA.C","GRFILEPOS","long",131,"phase-2-map","phase-2-map|phase-8-audio","long GRFILEPOS(int c)"
"WL_GAME.C","ClearMemory","void",201,"phase-2-map","phase-2-map|phase-6-gamestate|phase-8-audio","void ClearMemory(void)"
"WL_GAME.C","Died","void",1112,"phase-2-map","phase-2-map|phase-6-gamestate|phase-8-audio","void Died(void)"
"WL_GAME.C","DrawAllPlayBorder","void",819,"phase-2-map","phase-2-map|phase-6-gamestate|phase-8-audio","void DrawAllPlayBorder(void)"
"WL_GAME.C","DrawAllPlayBorderSides","void",798,"phase-2-map","phase-2-map|phase-6-gamestate|phase-8-audio","void DrawAllPlayBorderSides(void)"
"WL_GAME.C","DrawPlayBorder","void",839,"phase-2-map","phase-2-map|phase-6-gamestate|phase-8-audio","void DrawPlayBorder(void)"
"WL_GAME.C","DrawPlayBorderSides","void",775,"phase-2-map","phase-2-map|phase-6-gamestate|phase-8-audio","void DrawPlayBorderSides(void)"
"WL_GAME.C","DrawPlayScreen","void",866,"phase-2-map","phase-2-map|phase-6-gamestate|phase-8-audio","void DrawPlayScreen(void)"
"WL_GAME.C","FinishDemoRecord","void",935,"phase-2-map","phase-2-map|phase-6-gamestate|phase-8-audio","void FinishDemoRecord(void)"
"WL_GAME.C","GameLoop","void",1236,"phase-2-map","phase-2-map|phase-6-gamestate|phase-8-audio","void GameLoop(void)"
"WL_GAME.C","PlayDemo","void",1042,"phase-2-map","phase-2-map|phase-6-gamestate|phase-8-audio","void PlayDemo(int demonumber)"
"WL_GAME.C","PlaySoundLocGlobal","void",169,"phase-2-map","phase-2-map|phase-6-gamestate|phase-8-audio","void PlaySoundLocGlobal(word s,fixed gx,fixed gy)"
"WL_GAME.C","RecordDemo","void",977,"phase-2-map","phase-2-map|phase-6-gamestate|phase-8-audio","void RecordDemo(void)"
"WL_GAME.C","ScanInfoPlane","void",219,"phase-2-map","phase-2-map|phase-6-gamestate|phase-8-audio","void ScanInfoPlane(void)"
"WL_GAME.C","SetSoundLoc","void",110,"phase-2-map","phase-2-map|phase-6-gamestate|phase-8-audio","void SetSoundLoc(fixed gx,fixed gy)"
"WL_GAME.C","SetupGameLevel","void",623,"phase-2-map","phase-2-map|phase-6-gamestate|phase-8-audio","void SetupGameLevel(void)"
"WL_GAME.C","StartDemoRecord","void",912,"phase-2-map","phase-2-map|phase-6-gamestate|phase-8-audio","void StartDemoRecord(int levelnumber)"
"WL_GAME.C","UpdateSoundLoc","void",179,"phase-2-map","phase-2-map|phase-6-gamestate|phase-8-audio","void UpdateSoundLoc(void)"
"WL_SCALE.C","BadScale","void",44,"phase-3-raycast","phase-3-raycast","void BadScale(void)"
"WL_SCALE.C","BuildCompScale","unsigned",151,"phase-3-raycast","phase-3-raycast","unsigned BuildCompScale(int height, memptr *finalspot)"
"WL_SCALE.C","ScaleLine","void",246,"phase-3-raycast","phase-3-raycast","void ScaleLine(void)"
"WL_SCALE.C","ScaleShape","void",419,"phase-3-raycast","phase-3-raycast","void ScaleShape(int xcenter, int shapenum, unsigned height)"
"WL_SCALE.C","SetupScaling","void",58,"phase-3-raycast","phase-3-raycast","void SetupScaling(int maxscaleheight)"
"WL_SCALE.C","SimpleScaleShape","void",623,"phase-3-raycast","phase-3-raycast","void SimpleScaleShape(int xcenter, int shapenum, unsigned height)"
"WL_ACT1.C","CloseDoor","void",415,"phase-4-ai","phase-4-ai|phase-6-gamestate","void CloseDoor(int door)"
"WL_ACT1.C","ConnectAreas","void",305,"phase-4-ai","phase-4-ai|phase-6-gamestate","void ConnectAreas(void)"
"WL_ACT1.C","DoorClosing","void",615,"phase-4-ai","phase-4-ai|phase-6-gamestate","void DoorClosing(int door)"
"WL_ACT1.C","DoorOpen","void",536,"phase-4-ai","phase-4-ai|phase-6-gamestate","void DoorOpen(int door)"
"WL_ACT1.C","DoorOpening","void",552,"phase-4-ai","phase-4-ai|phase-6-gamestate","void DoorOpening(int door)"
"WL_ACT1.C","InitAreas","void",313,"phase-4-ai","phase-4-ai|phase-6-gamestate","void InitAreas(void)"
"WL_ACT1.C","InitDoorList","void",330,"phase-4-ai","phase-4-ai|phase-6-gamestate","void InitDoorList(void)"
"WL_ACT1.C","InitStaticList","void",122,"phase-4-ai","phase-4-ai|phase-6-gamestate","void InitStaticList(void)"
"WL_ACT1.C","MoveDoors","void",684,"phase-4-ai","phase-4-ai|phase-6-gamestate","void MoveDoors(void)"
"WL_ACT1.C","MovePWalls","void",807,"phase-4-ai","phase-4-ai|phase-6-gamestate","void MovePWalls(void)"
"WL_ACT1.C","OpenDoor","void",398,"phase-4-ai","phase-4-ai|phase-6-gamestate","void OpenDoor(int door)"
"WL_ACT1.C","OperateDoor","void",496,"phase-4-ai","phase-4-ai|phase-6-gamestate","void OperateDoor(int door)"
"WL_ACT1.C","PlaceItemType","void",197,"phase-4-ai","phase-4-ai|phase-6-gamestate","void PlaceItemType(int itemtype, int tilex, int tiley)"
"WL_ACT1.C","PushWall","void",730,"phase-4-ai","phase-4-ai|phase-6-gamestate","void PushWall(int checkx, int checky, int dir)"
"WL_ACT1.C","RecursiveConnect","void",291,"phase-4-ai","phase-4-ai|phase-6-gamestate","void RecursiveConnect(int areanumber)"
"WL_ACT1.C","SpawnDoor","void",348,"phase-4-ai","phase-4-ai|phase-6-gamestate","void SpawnDoor(int tilex, int tiley, boolean vertical, int lock)"
"WL_ACT1.C","SpawnStatic","void",137,"phase-4-ai","phase-4-ai|phase-6-gamestate","void SpawnStatic(int tilex, int tiley, int type)"
"WL_ACT2.C","A_Breathing","void",1780,"phase-4-ai","phase-4-ai","void A_Breathing(objtype *ob)"
"WL_ACT2.C","A_DeathScream","void",1059,"phase-4-ai","phase-4-ai","void A_DeathScream(objtype *ob)"
"WL_ACT2.C","A_Dormant","void",1932,"phase-4-ai","phase-4-ai","void A_Dormant(objtype *ob)"
"WL_ACT2.C","A_HitlerMorph","void",2884,"phase-4-ai","phase-4-ai","void A_HitlerMorph(objtype *ob)"
"WL_ACT2.C","A_MechaSound","void",2911,"phase-4-ai","phase-4-ai","void A_MechaSound(objtype *ob)"
"WL_ACT2.C","A_Relaunch","void",1846,"phase-4-ai","phase-4-ai","void A_Relaunch(objtype *ob)"
"WL_ACT2.C","A_Slurpie","void",1774,"phase-4-ai","phase-4-ai","void A_Slurpie(objtype *ob)"
"WL_ACT2.C","A_Slurpie","void",2919,"phase-4-ai","phase-4-ai","void A_Slurpie(objtype *ob)"
"WL_ACT2.C","A_Smoke","void",231,"phase-4-ai","phase-4-ai","void A_Smoke(objtype *ob)"
"WL_ACT2.C","A_StartAttack","void",1832,"phase-4-ai","phase-4-ai","void A_StartAttack(objtype *ob)"
"WL_ACT2.C","A_StartDeathCam","void",3763,"phase-4-ai","phase-4-ai","void A_StartDeathCam(objtype *ob)"
"WL_ACT2.C","A_Victory","void",1819,"phase-4-ai","phase-4-ai","void A_Victory(objtype *ob)"
"WL_ACT2.C","CheckPosition","boolean",3729,"phase-4-ai","phase-4-ai","boolean CheckPosition(objtype *ob)"
"WL_ACT2.C","ProjectileTryMove","boolean",264,"phase-4-ai","phase-4-ai","boolean ProjectileTryMove(objtype *ob)"
"WL_ACT2.C","SelectPathDir","void",3338,"phase-4-ai","phase-4-ai","void SelectPathDir(objtype *ob)"
"WL_ACT2.C","SpawnAngel","void",1792,"phase-4-ai","phase-4-ai","void SpawnAngel(int tilex, int tiley)"
"WL_ACT2.C","SpawnBJVictory","void",3619,"phase-4-ai","phase-4-ai","void SpawnBJVictory(void)"
"WL_ACT2.C","SpawnBoss","void",934,"phase-4-ai","phase-4-ai","void SpawnBoss(int tilex, int tiley)"
"WL_ACT2.C","SpawnDeadGuard","void",917,"phase-4-ai","phase-4-ai","void SpawnDeadGuard(int tilex, int tiley)"
"WL_ACT2.C","SpawnDeath","void",1599,"phase-4-ai","phase-4-ai","void SpawnDeath(int tilex, int tiley)"
"WL_ACT2.C","SpawnFakeHitler","void",2824,"phase-4-ai","phase-4-ai","void SpawnFakeHitler(int tilex, int tiley)"
"WL_ACT2.C","SpawnFat","void",2268,"phase-4-ai","phase-4-ai","void SpawnFat(int tilex, int tiley)"
"WL_ACT2.C","SpawnGhosts","void",1992,"phase-4-ai","phase-4-ai","void SpawnGhosts(int which, int tilex, int tiley)"
"WL_ACT2.C","SpawnGift","void",2239,"phase-4-ai","phase-4-ai","void SpawnGift(int tilex, int tiley)"
"WL_ACT2.C","SpawnGretel","void",957,"phase-4-ai","phase-4-ai","void SpawnGretel(int tilex, int tiley)"
"WL_ACT2.C","SpawnHitler","void",2854,"phase-4-ai","phase-4-ai","void SpawnHitler(int tilex, int tiley)"
"WL_ACT2.C","SpawnPatrol","void",981,"phase-4-ai","phase-4-ai","void SpawnPatrol(enemy_t which, int tilex, int tiley, int dir)"
"WL_ACT2.C","SpawnSchabbs","void",2210,"phase-4-ai","phase-4-ai","void SpawnSchabbs(int tilex, int tiley)"
"WL_ACT2.C","SpawnSpectre","void",1911,"phase-4-ai","phase-4-ai","void SpawnSpectre(int tilex, int tiley)"
"WL_ACT2.C","SpawnStand","void",845,"phase-4-ai","phase-4-ai","void SpawnStand(enemy_t which, int tilex, int tiley, int dir)"
"WL_ACT2.C","SpawnTrans","void",1244,"phase-4-ai","phase-4-ai","void SpawnTrans(int tilex, int tiley)"
"WL_ACT2.C","SpawnUber","void",1325,"phase-4-ai","phase-4-ai","void SpawnUber(int tilex, int tiley)"
"WL_ACT2.C","SpawnWill","void",1424,"phase-4-ai","phase-4-ai","void SpawnWill(int tilex, int tiley)"
"WL_ACT2.C","T_Bite","void",3528,"phase-4-ai","phase-4-ai","void T_Bite(objtype *ob)"
"WL_ACT2.C","T_BJDone","void",3712,"phase-4-ai","phase-4-ai","void T_BJDone(objtype *ob)"
"WL_ACT2.C","T_BJJump","void",3679,"phase-4-ai","phase-4-ai","void T_BJJump(objtype *ob)"
"WL_ACT2.C","T_BJRun","void",3641,"phase-4-ai","phase-4-ai","void T_BJRun(objtype *ob)"
"WL_ACT2.C","T_BJYell","void",3696,"phase-4-ai","phase-4-ai","void T_BJYell(objtype *ob)"
"WL_ACT2.C","T_Chase","void",3067,"phase-4-ai","phase-4-ai","void T_Chase(objtype *ob)"
"WL_ACT2.C","T_DogChase","void",3255,"phase-4-ai","phase-4-ai","void T_DogChase(objtype *ob)"
"WL_ACT2.C","T_Fake","void",2972,"phase-4-ai","phase-4-ai","void T_Fake(objtype *ob)"
"WL_ACT2.C","T_FakeFire","void",2931,"phase-4-ai","phase-4-ai","void T_FakeFire(objtype *ob)"
"WL_ACT2.C","T_Fat","void",2562,"phase-4-ai","phase-4-ai","void T_Fat(objtype *ob)"
"WL_ACT2.C","T_Ghosts","void",3205,"phase-4-ai","phase-4-ai","void T_Ghosts(objtype *ob)"
"WL_ACT2.C","T_Gift","void",2470,"phase-4-ai","phase-4-ai","void T_Gift(objtype *ob)"
"WL_ACT2.C","T_GiftThrow","void",2337,"phase-4-ai","phase-4-ai","void T_GiftThrow(objtype *ob)"
"WL_ACT2.C","T_Launch","void",1622,"phase-4-ai","phase-4-ai","void T_Launch(objtype *ob)"
"WL_ACT2.C","T_Path","void",3365,"phase-4-ai","phase-4-ai","void T_Path(objtype *ob)"
"WL_ACT2.C","T_Projectile","void",300,"phase-4-ai","phase-4-ai","void T_Projectile(objtype *ob)"
"WL_ACT2.C","T_Schabb","void",2378,"phase-4-ai","phase-4-ai","void T_Schabb(objtype *ob)"
"WL_ACT2.C","T_SchabbThrow","void",2297,"phase-4-ai","phase-4-ai","void T_SchabbThrow(objtype *ob)"
"WL_ACT2.C","T_Shoot","void",3442,"phase-4-ai","phase-4-ai","void T_Shoot(objtype *ob)"
"WL_ACT2.C","T_Stand","void",3045,"phase-4-ai","phase-4-ai","void T_Stand(objtype *ob)"
"WL_ACT2.C","T_UShoot","void",1349,"phase-4-ai","phase-4-ai","void T_UShoot(objtype *ob)"
"WL_ACT2.C","T_Will","void",1448,"phase-4-ai","phase-4-ai","void T_Will(objtype *ob)"
"WL_STATE.C","CheckLine","boolean",1035,"phase-4-ai","phase-4-ai","boolean CheckLine(objtype *ob)"
"WL_STATE.C","CheckSight","boolean",1185,"phase-4-ai","phase-4-ai","boolean CheckSight(objtype *ob)"
"WL_STATE.C","DamageActor","void",962,"phase-4-ai","phase-4-ai","void DamageActor(objtype *ob, unsigned damage)"
"WL_STATE.C","DropItem","void",776,"phase-4-ai","phase-4-ai","void DropItem(stat_t itemtype, int tilex, int tiley)"
"WL_STATE.C","FirstSighting","void",1251,"phase-4-ai","phase-4-ai","void FirstSighting(objtype *ob)"
"WL_STATE.C","KillActor","void",813,"phase-4-ai","phase-4-ai","void KillActor(objtype *ob)"
"WL_STATE.C","MoveObj","void",657,"phase-4-ai","phase-4-ai","void MoveObj(objtype *ob, long move)"
"WL_STATE.C","NewState","void",111,"phase-4-ai","phase-4-ai","void NewState(objtype *ob, statetype *state)"
"WL_STATE.C","SelectChaseDir","void",473,"phase-4-ai","phase-4-ai","void SelectChaseDir(objtype *ob)"
"WL_STATE.C","SelectDodgeDir","void",357,"phase-4-ai","phase-4-ai","void SelectDodgeDir(objtype *ob)"
"WL_STATE.C","SelectRunDir","void",583,"phase-4-ai","phase-4-ai","void SelectRunDir(objtype *ob)"
"WL_STATE.C","SightPlayer","boolean",1402,"phase-4-ai","phase-4-ai","boolean SightPlayer(objtype *ob)"
"WL_STATE.C","SpawnNewObj","void",79,"phase-4-ai","phase-4-ai","void SpawnNewObj(unsigned tilex, unsigned tiley, statetype *state)"
"WL_STATE.C","TryWalk","boolean",178,"phase-4-ai","phase-4-ai","boolean TryWalk(objtype *ob)"
"ID_IN.C","IN_Ack","void",915,"phase-5-player","phase-5-player","void IN_Ack(void)"
"ID_IN.C","IN_CheckAck","boolean",888,"phase-5-player","phase-5-player","boolean IN_CheckAck(void)"
"ID_IN.C","IN_ClearKeysDown","void",672,"phase-5-player","phase-5-player","void IN_ClearKeysDown(void)"
"ID_IN.C","IN_Default","void",620,"phase-5-player","phase-5-player","void IN_Default(boolean gotit,ControlType in)"
"ID_IN.C","IN_GetJoyAbs","void",245,"phase-5-player","phase-5-player","void IN_GetJoyAbs(word joy,word *xp,word *yp)"
"ID_IN.C","IN_GetJoyButtonsDB","word",406,"phase-5-player","phase-5-player","word IN_GetJoyButtonsDB(word joy)"
"ID_IN.C","IN_JoyButtons","byte",977,"phase-5-player","phase-5-player","byte IN_JoyButtons(void)"
"ID_IN.C","IN_MouseButtons","byte",957,"phase-5-player","phase-5-player","byte IN_MouseButtons(void)"
"ID_IN.C","IN_ReadControl","void",689,"phase-5-player","phase-5-player","void IN_ReadControl(int player,ControlInfo *info)"
"ID_IN.C","IN_SetControlType","void",820,"phase-5-player","phase-5-player","void IN_SetControlType(int player,ControlType type)"
"ID_IN.C","IN_SetKeyHook","void",661,"phase-5-player","phase-5-player","void IN_SetKeyHook(void (*hook)())"
"ID_IN.C","IN_SetupJoy","void",514,"phase-5-player","phase-5-player","void IN_SetupJoy(word joy,word minx,word maxx,word miny,word maxy)"
"ID_IN.C","IN_Shutdown","void",639,"phase-5-player","phase-5-player","void IN_Shutdown(void)"
"ID_IN.C","IN_StartAck","void",869,"phase-5-player","phase-5-player","void IN_StartAck(void)"
"ID_IN.C","IN_Startup","void",582,"phase-5-player","phase-5-player","void IN_Startup(void)"
"ID_IN.C","IN_UserInput","boolean",934,"phase-5-player","phase-5-player","boolean IN_UserInput(longword delay)"
"ID_IN.C","IN_WaitForASCII","char",850,"phase-5-player","phase-5-player","char IN_WaitForASCII(void)"
"ID_IN.C","IN_WaitForKey","ScanCode",833,"phase-5-player","phase-5-player","ScanCode IN_WaitForKey(void)"
"ID_IN.C","INL_GetJoyButtons","static word",388,"phase-5-player","phase-5-player","static word INL_GetJoyButtons(word joy)"
"ID_IN.C","INL_GetJoyDelta","void",323,"phase-5-player","phase-5-player","void INL_GetJoyDelta(word joy,int *dx,int *dy)"
"ID_IN.C","INL_GetMouseButtons","static word",230,"phase-5-player","phase-5-player","static word INL_GetMouseButtons(void)"
"ID_IN.C","INL_GetMouseDelta","static void",216,"phase-5-player","phase-5-player","static void INL_GetMouseDelta(int *x,int *y)"
"ID_IN.C","INL_KeyService","static void",141,"phase-5-player","phase-5-player","static void INL_KeyService(void)"
"ID_IN.C","INL_SetJoyScale","static void",496,"phase-5-player","phase-5-player","static void INL_SetJoyScale(word joy)"
"ID_IN.C","INL_ShutJoy","static void",570,"phase-5-player","phase-5-player","static void INL_ShutJoy(word joy)"
"ID_IN.C","INL_ShutKbd","static void",444,"phase-5-player","phase-5-player","static void INL_ShutKbd(void)"
"ID_IN.C","INL_ShutMouse","static void",488,"phase-5-player","phase-5-player","static void INL_ShutMouse(void)"
"ID_IN.C","INL_StartJoy","static boolean",545,"phase-5-player","phase-5-player","static boolean INL_StartJoy(word joy)"
"ID_IN.C","INL_StartKbd","static void",428,"phase-5-player","phase-5-player","static void INL_StartKbd(void)"
"ID_IN.C","INL_StartMouse","static boolean",457,"phase-5-player","phase-5-player","static boolean INL_StartMouse(void)"
"WL_AGENT.C","CheckWeaponChange","void",115,"phase-5-player","phase-5-player|phase-6-gamestate","void CheckWeaponChange(void)"
"WL_AGENT.C","ClipMove","void",864,"phase-5-player","phase-5-player|phase-6-gamestate","void ClipMove(objtype *ob, long xmove, long ymove)"
"WL_AGENT.C","Cmd_Fire","void",981,"phase-5-player","phase-5-player|phase-6-gamestate","void Cmd_Fire(void)"
"WL_AGENT.C","Cmd_Use","void",1006,"phase-5-player","phase-5-player|phase-6-gamestate","void Cmd_Use(void)"
"WL_AGENT.C","ControlMovement","void",147,"phase-5-player","phase-5-player|phase-6-gamestate","void ControlMovement(objtype *ob)"
"WL_AGENT.C","DrawAmmo","void",601,"phase-5-player","phase-5-player|phase-6-gamestate","void DrawAmmo(void)"
"WL_AGENT.C","DrawFace","void",268,"phase-5-player","phase-5-player|phase-6-gamestate","void DrawFace(void)"
"WL_AGENT.C","DrawHealth","void",370,"phase-5-player","phase-5-player|phase-6-gamestate","void DrawHealth(void)"
"WL_AGENT.C","DrawKeys","void",556,"phase-5-player","phase-5-player|phase-6-gamestate","void DrawKeys(void)"
"WL_AGENT.C","DrawLevel","void",455,"phase-5-player","phase-5-player|phase-6-gamestate","void DrawLevel(void)"
"WL_AGENT.C","DrawLives","void",476,"phase-5-player","phase-5-player|phase-6-gamestate","void DrawLives(void)"
"WL_AGENT.C","DrawScore","void",508,"phase-5-player","phase-5-player|phase-6-gamestate","void DrawScore(void)"
"WL_AGENT.C","DrawWeapon","void",542,"phase-5-player","phase-5-player|phase-6-gamestate","void DrawWeapon(void)"
"WL_AGENT.C","GetBonus","void",666,"phase-5-player","phase-5-player|phase-6-gamestate","void GetBonus(statobj_t *check)"
"WL_AGENT.C","GiveAmmo","void",615,"phase-5-player","phase-5-player|phase-6-gamestate","void GiveAmmo(int ammo)"
"WL_AGENT.C","GiveExtraMan","void",490,"phase-5-player","phase-5-player|phase-6-gamestate","void GiveExtraMan(void)"
"WL_AGENT.C","GiveKey","void",641,"phase-5-player","phase-5-player|phase-6-gamestate","void GiveKey(int key)"
"WL_AGENT.C","GivePoints","void",521,"phase-5-player","phase-5-player|phase-6-gamestate","void GivePoints(long points)"
"WL_AGENT.C","GiveWeapon","void",579,"phase-5-player","phase-5-player|phase-6-gamestate","void GiveWeapon(int weapon)"
"WL_AGENT.C","GunAttack","void",1164,"phase-5-player","phase-5-player|phase-6-gamestate","void GunAttack(objtype *ob)"
"WL_AGENT.C","HealSelf","void",432,"phase-5-player","phase-5-player|phase-6-gamestate","void HealSelf(int points)"
"WL_AGENT.C","KnifeAttack","void",1131,"phase-5-player","phase-5-player|phase-6-gamestate","void KnifeAttack(objtype *ob)"
"WL_AGENT.C","LatchNumber","void",335,"phase-5-player","phase-5-player|phase-6-gamestate","void LatchNumber(int x, int y, int width, long number)"
"WL_AGENT.C","SpawnPlayer","void",1098,"phase-5-player","phase-5-player|phase-6-gamestate","void SpawnPlayer(int tilex, int tiley, int dir)"
"WL_AGENT.C","StatusDrawPic","void",242,"phase-5-player","phase-5-player|phase-6-gamestate","void StatusDrawPic(unsigned x, unsigned y, unsigned picnum)"
"WL_AGENT.C","T_Attack","void",1291,"phase-5-player","phase-5-player|phase-6-gamestate","void T_Attack(objtype *ob)"
"WL_AGENT.C","T_Player","void",1391,"phase-5-player","phase-5-player|phase-6-gamestate","void T_Player(objtype *ob)"
"WL_AGENT.C","TakeDamage","void",384,"phase-5-player","phase-5-player|phase-6-gamestate","void TakeDamage(int points,objtype *attacker)"
"WL_AGENT.C","Thrust","void",926,"phase-5-player","phase-5-player|phase-6-gamestate","void Thrust(int angle, long speed)"
"WL_AGENT.C","TryMove","boolean",799,"phase-5-player","phase-5-player|phase-6-gamestate","boolean TryMove(objtype *ob)"
"WL_AGENT.C","UpdateFace","void",305,"phase-5-player","phase-5-player|phase-6-gamestate","void UpdateFace(void)"
"WL_AGENT.C","VictorySpin","void",1253,"phase-5-player","phase-5-player|phase-6-gamestate","void VictorySpin(void)"
"WL_AGENT.C","VictoryTile","void",908,"phase-5-player","phase-5-player|phase-6-gamestate","void VictoryTile(void)"
"WL_PLAY.C","CenterWindow","void",595,"phase-5-player","phase-5-player","void CenterWindow(word w,word h)"
"WL_PLAY.C","CheckKeys","void",612,"phase-5-player","phase-5-player","void CheckKeys(void)"
"WL_PLAY.C","ClearPaletteShifts","void",1127,"phase-5-player","phase-5-player","void ClearPaletteShifts(void)"
"WL_PLAY.C","DoActor","void",1258,"phase-5-player","phase-5-player","void DoActor(objtype *ob)"
"WL_PLAY.C","FinishPaletteShifts","void",1230,"phase-5-player","phase-5-player","void FinishPaletteShifts(void)"
"WL_PLAY.C","GetNewActor","void",917,"phase-5-player","phase-5-player","void GetNewActor(void)"
"WL_PLAY.C","InitActorList","void",873,"phase-5-player","phase-5-player","void InitActorList(void)"
"WL_PLAY.C","InitRedShifts","void",1076,"phase-5-player","phase-5-player","void InitRedShifts(void)"
"WL_PLAY.C","PlayLoop","void",1365,"phase-5-player","phase-5-player","void PlayLoop(void)"
"WL_PLAY.C","PollControls","void",453,"phase-5-player","phase-5-player","void PollControls(void)"
"WL_PLAY.C","PollJoystickButtons","void",301,"phase-5-player","phase-5-player","void PollJoystickButtons(void)"
"WL_PLAY.C","PollJoystickMove","void",396,"phase-5-player","phase-5-player","void PollJoystickMove(void)"
"WL_PLAY.C","PollKeyboardButtons","void",259,"phase-5-player","phase-5-player","void PollKeyboardButtons(void)"
"WL_PLAY.C","PollKeyboardMove","void",339,"phase-5-player","phase-5-player","void PollKeyboardMove(void)"
"WL_PLAY.C","PollMouseButtons","void",277,"phase-5-player","phase-5-player","void PollMouseButtons(void)"
"WL_PLAY.C","PollMouseMove","void",374,"phase-5-player","phase-5-player","void PollMouseMove(void)"
"WL_PLAY.C","RemoveObj","void",949,"phase-5-player","phase-5-player","void RemoveObj(objtype *gone)"
"WL_PLAY.C","StartBonusFlash","void",1141,"phase-5-player","phase-5-player","void StartBonusFlash(void)"
"WL_PLAY.C","StartDamageFlash","void",1155,"phase-5-player","phase-5-player","void StartDamageFlash(int damage)"
"WL_PLAY.C","StartMusic","void",1021,"phase-5-player","phase-5-player","void StartMusic(void)"
"WL_PLAY.C","StopMusic","void",997,"phase-5-player","phase-5-player","void StopMusic(void)"
"WL_PLAY.C","UpdatePaletteShifts","void",1169,"phase-5-player","phase-5-player","void UpdatePaletteShifts(void)"
"WL_INTER.C","BackDoor","int",1458,"phase-6-gamestate","phase-6-gamestate","int BackDoor(char *s)"
"WL_INTER.C","BJ_Breathe","void",391,"phase-6-gamestate","phase-6-gamestate","void BJ_Breathe(void)"
"WL_INTER.C","CheckHighScore","void",1193,"phase-6-gamestate","phase-6-gamestate","void CheckHighScore(long score,word other)"
"WL_INTER.C","ClearSplitVWB","void",15,"phase-6-gamestate","phase-6-gamestate","void ClearSplitVWB(void)"
"WL_INTER.C","CopyProtection","void",1482,"phase-6-gamestate","phase-6-gamestate","void CopyProtection(void)"
"WL_INTER.C","DrawHighScores","void",1028,"phase-6-gamestate","phase-6-gamestate","void DrawHighScores(void)"
"WL_INTER.C","EndScreen","void",35,"phase-6-gamestate","phase-6-gamestate","void EndScreen(int palette, int screen)"
"WL_INTER.C","EndSpear","void",47,"phase-6-gamestate","phase-6-gamestate","void EndSpear(void)"
"WL_INTER.C","LevelCompleted","void",427,"phase-6-gamestate","phase-6-gamestate","void LevelCompleted(void)"
"WL_INTER.C","NonShareware","void",1271,"phase-6-gamestate","phase-6-gamestate","void NonShareware(void)"
"WL_INTER.C","PG13","void",308,"phase-6-gamestate","phase-6-gamestate","void PG13(void)"
"WL_INTER.C","PreloadGraphics","void",993,"phase-6-gamestate","phase-6-gamestate","void PreloadGraphics(void)"
"WL_INTER.C","PreloadUpdate","boolean",970,"phase-6-gamestate","phase-6-gamestate","boolean PreloadUpdate(unsigned current, unsigned total)"
"WL_INTER.C","Victory","void",106,"phase-6-gamestate","phase-6-gamestate","void Victory(void)"
"WL_INTER.C","Write","void",329,"phase-6-gamestate","phase-6-gamestate","void Write(int x,int y,char *string)"
"ID_US_1.C","US_CenterWindow","void",487,"phase-7-menu-text","phase-7-menu-text","void US_CenterWindow(word w,word h)"
"ID_US_1.C","US_CheckParm","int",235,"phase-7-menu-text","phase-7-menu-text","int US_CheckParm(char *parm,char **strings)"
"ID_US_1.C","US_ClearWindow","void",438,"phase-7-menu-text","phase-7-menu-text","void US_ClearWindow(void)"
"ID_US_1.C","US_CPrint","void",409,"phase-7-menu-text","phase-7-menu-text","void US_CPrint(char far *s)"
"ID_US_1.C","US_CPrintLine","void",388,"phase-7-menu-text","phase-7-menu-text","void US_CPrintLine(char far *s)"
"ID_US_1.C","US_DrawWindow","void",451,"phase-7-menu-text","phase-7-menu-text","void US_DrawWindow(word x,word y,word w,word h)"
"ID_US_1.C","US_LineInput","boolean",572,"phase-7-menu-text","phase-7-menu-text","boolean US_LineInput(int x,int y,char *buf,char *def,boolean escok,
				int maxchars,int maxwidth)"
"ID_US_1.C","US_Print","void",286,"phase-7-menu-text","phase-7-menu-text","void US_Print(char far *s)"
"ID_US_1.C","US_PrintCentered","void",369,"phase-7-menu-text","phase-7-menu-text","void US_PrintCentered(char far *s)"
"ID_US_1.C","US_PrintSigned","void",336,"phase-7-menu-text","phase-7-menu-text","void US_PrintSigned(long n)"
"ID_US_1.C","US_PrintUnsigned","void",323,"phase-7-menu-text","phase-7-menu-text","void US_PrintUnsigned(longword n)"
"ID_US_1.C","US_RestoreWindow","void",517,"phase-7-menu-text","phase-7-menu-text","void US_RestoreWindow(WindowRec *win)"
"ID_US_1.C","US_SaveWindow","void",499,"phase-7-menu-text","phase-7-menu-text","void US_SaveWindow(WindowRec *win)"
"ID_US_1.C","US_SetPrintRoutines","void",273,"phase-7-menu-text","phase-7-menu-text","void US_SetPrintRoutines(void (*measure)(char far *,word *,word *),void (*print)(char far *))"
"ID_US_1.C","US_Shutdown","void",219,"phase-7-menu-text","phase-7-menu-text","void US_Shutdown(void)"
"ID_US_1.C","US_Startup","void",167,"phase-7-menu-text","phase-7-menu-text","void US_Startup(void)"
"ID_US_1.C","USL_HardError","int",79,"phase-7-menu-text","phase-7-menu-text","int USL_HardError(word errval,int ax,int bp,int si)"
"ID_US_1.C","USL_PrintInCenter","void",349,"phase-7-menu-text","phase-7-menu-text","void USL_PrintInCenter(char far *s,Rect r)"
"ID_US_1.C","USL_XORICursor","static void",536,"phase-7-menu-text","phase-7-menu-text","static void USL_XORICursor(int x,int y,char *s,word cursor)"
"WL_MENU.C","BossKey","void",626,"phase-7-menu-text","phase-7-menu-text","void BossKey(void)"
"WL_MENU.C","CacheLump","void",2983,"phase-7-menu-text","phase-7-menu-text","void CacheLump(int lumpstart,int lumpend)"
"WL_MENU.C","CalibrateJoystick","int",1662,"phase-7-menu-text","phase-7-menu-text","int CalibrateJoystick(void)"
"WL_MENU.C","CheckForEpisodes","void",3881,"phase-7-menu-text","phase-7-menu-text","void CheckForEpisodes(void)"
"WL_MENU.C","CheckPause","void",3820,"phase-7-menu-text","phase-7-menu-text","void CheckPause(void)"
"WL_MENU.C","CleanupControlPanel","void",3088,"phase-7-menu-text","phase-7-menu-text","void CleanupControlPanel(void)"
"WL_MENU.C","ClearMScreen","void",2968,"phase-7-menu-text","phase-7-menu-text","void ClearMScreen(void)"
"WL_MENU.C","Confirm","int",3591,"phase-7-menu-text","phase-7-menu-text","int Confirm(char far *string)"
"WL_MENU.C","CP_ChangeView","void",2735,"phase-7-menu-text","phase-7-menu-text","void CP_ChangeView(void)"
"WL_MENU.C","CP_CheckQuick","int",649,"phase-7-menu-text","phase-7-menu-text","int CP_CheckQuick(unsigned scancode)"
"WL_MENU.C","CP_Control","void",1760,"phase-7-menu-text","phase-7-menu-text","void CP_Control(void)"
"WL_MENU.C","CP_EndGame","int",863,"phase-7-menu-text","phase-7-menu-text","int CP_EndGame(void)"
"WL_MENU.C","CP_LoadGame","int",1372,"phase-7-menu-text","phase-7-menu-text","int CP_LoadGame(int quick)"
"WL_MENU.C","CP_NewGame","void",925,"phase-7-menu-text","phase-7-menu-text","void CP_NewGame(void)"
"WL_MENU.C","CP_Quit","void",2843,"phase-7-menu-text","phase-7-menu-text","void CP_Quit(void)"
"WL_MENU.C","CP_ReadThis","void",609,"phase-7-menu-text","phase-7-menu-text","void CP_ReadThis(void)"
"WL_MENU.C","CP_SaveGame","int",1537,"phase-7-menu-text","phase-7-menu-text","int CP_SaveGame(int quick)"
"WL_MENU.C","CP_Sound","void",1134,"phase-7-menu-text","phase-7-menu-text","void CP_Sound(void)"
"WL_MENU.C","CP_ViewScores","void",892,"phase-7-menu-text","phase-7-menu-text","void CP_ViewScores(void)"
"WL_MENU.C","CustomControls","void",2047,"phase-7-menu-text","phase-7-menu-text","void CustomControls(void)"
"WL_MENU.C","DefineJoyBtns","void",2099,"phase-7-menu-text","phase-7-menu-text","void DefineJoyBtns(void)"
"WL_MENU.C","DefineKeyBtns","void",2110,"phase-7-menu-text","phase-7-menu-text","void DefineKeyBtns(void)"
"WL_MENU.C","DefineKeyMove","void",2121,"phase-7-menu-text","phase-7-menu-text","void DefineKeyMove(void)"
"WL_MENU.C","DefineMouseBtns","void",2088,"phase-7-menu-text","phase-7-menu-text","void DefineMouseBtns(void)"
"WL_MENU.C","DrawChangeView","void",2813,"phase-7-menu-text","phase-7-menu-text","void DrawChangeView(int view)"
"WL_MENU.C","DrawCtlScreen","void",1961,"phase-7-menu-text","phase-7-menu-text","void DrawCtlScreen(void)"
"WL_MENU.C","DrawCustJoy","void",2662,"phase-7-menu-text","phase-7-menu-text","void DrawCustJoy(int hilight)"
"WL_MENU.C","DrawCustKeybd","void",2692,"phase-7-menu-text","phase-7-menu-text","void DrawCustKeybd(int hilight)"
"WL_MENU.C","DrawCustKeys","void",2713,"phase-7-menu-text","phase-7-menu-text","void DrawCustKeys(int hilight)"
"WL_MENU.C","DrawCustMouse","void",2626,"phase-7-menu-text","phase-7-menu-text","void DrawCustMouse(int hilight)"
"WL_MENU.C","DrawCustomScreen","void",2424,"phase-7-menu-text","phase-7-menu-text","void DrawCustomScreen(void)"
"WL_MENU.C","DrawGun","void",3379,"phase-7-menu-text","phase-7-menu-text","void DrawGun(CP_iteminfo *item_i,CP_itemtype far *items,int x,int *y,int which,int basey,void (*routine)(int w))"
"WL_MENU.C","DrawHalfStep","void",3366,"phase-7-menu-text","phase-7-menu-text","void DrawHalfStep(int x,int y)"
"WL_MENU.C","DrawLoadSaveScreen","void",1482,"phase-7-menu-text","phase-7-menu-text","void DrawLoadSaveScreen(int loadsave)"
"WL_MENU.C","DrawLSAction","void",1342,"phase-7-menu-text","phase-7-menu-text","void DrawLSAction(int which)"
"WL_MENU.C","DrawMainMenu","void",538,"phase-7-menu-text","phase-7-menu-text","void DrawMainMenu(void)"
"WL_MENU.C","DrawMenu","void",3422,"phase-7-menu-text","phase-7-menu-text","void DrawMenu(CP_iteminfo *item_i,CP_itemtype far *items)"
"WL_MENU.C","DrawMenuGun","void",3843,"phase-7-menu-text","phase-7-menu-text","void DrawMenuGun(CP_iteminfo *iteminfo)"
"WL_MENU.C","DrawMouseSens","void",1834,"phase-7-menu-text","phase-7-menu-text","void DrawMouseSens(void)"
"WL_MENU.C","DrawNewEpisode","void",1049,"phase-7-menu-text","phase-7-menu-text","void DrawNewEpisode(void)"
"WL_MENU.C","DrawNewGame","void",1086,"phase-7-menu-text","phase-7-menu-text","void DrawNewGame(void)"
"WL_MENU.C","DrawNewGameDiff","void",1123,"phase-7-menu-text","phase-7-menu-text","void DrawNewGameDiff(int w)"
"WL_MENU.C","DrawOutline","void",3012,"phase-7-menu-text","phase-7-menu-text","void DrawOutline(int x,int y,int w,int h,int color1,int color2)"
"WL_MENU.C","DrawSoundMenu","void",1251,"phase-7-menu-text","phase-7-menu-text","void DrawSoundMenu(void)"
"WL_MENU.C","DrawStripes","void",3859,"phase-7-menu-text","phase-7-menu-text","void DrawStripes(int y)"
"WL_MENU.C","DrawWindow","void",3007,"phase-7-menu-text","phase-7-menu-text","void DrawWindow(int x,int y,int w,int h,int wcolor)"
"WL_MENU.C","EnterCtrlData","void",2134,"phase-7-menu-text","phase-7-menu-text","void EnterCtrlData(int index,CustomCtrls *cust,void (*DrawRtn)(int),void (*PrintRtn)(int),int type)"
"WL_MENU.C","EraseGun","void",3351,"phase-7-menu-text","phase-7-menu-text","void EraseGun(CP_iteminfo *item_i,CP_itemtype far *items,int x,int y,int which)"
"WL_MENU.C","FixupCustom","void",2368,"phase-7-menu-text","phase-7-menu-text","void FixupCustom(int w)"
"WL_MENU.C","FreeMusic","void",3787,"phase-7-menu-text","phase-7-menu-text","void FreeMusic(void)"
"WL_MENU.C","GetYorN","int",3667,"phase-7-menu-text","phase-7-menu-text","int GetYorN(int x,int y,int pic)"
"WL_MENU.C","HandleMenu","int",3105,"phase-7-menu-text","phase-7-menu-text","int HandleMenu(CP_iteminfo *item_i,CP_itemtype far *items,void (*routine)(int w))"
"WL_MENU.C","IN_GetScanName","byte *",3801,"phase-7-menu-text","phase-7-menu-text","byte * IN_GetScanName(ScanCode scan)"
"WL_MENU.C","IntroScreen","void",2881,"phase-7-menu-text","phase-7-menu-text","void IntroScreen(void)"
"WL_MENU.C","Message","void",3723,"phase-7-menu-text","phase-7-menu-text","void Message(char far *string)"
"WL_MENU.C","MouseSensitivity","void",1883,"phase-7-menu-text","phase-7-menu-text","void MouseSensitivity(void)"
"WL_MENU.C","PrintCustJoy","void",2649,"phase-7-menu-text","phase-7-menu-text","void PrintCustJoy(int i)"
"WL_MENU.C","PrintCustKeybd","void",2685,"phase-7-menu-text","phase-7-menu-text","void PrintCustKeybd(int i)"
"WL_MENU.C","PrintCustKeys","void",2707,"phase-7-menu-text","phase-7-menu-text","void PrintCustKeys(int i)"
"WL_MENU.C","PrintCustMouse","void",2612,"phase-7-menu-text","phase-7-menu-text","void PrintCustMouse(int i)"
"WL_MENU.C","PrintLSEntry","void",1515,"phase-7-menu-text","phase-7-menu-text","void PrintLSEntry(int w,int color)"
"WL_MENU.C","ReadAnyControl","void",3488,"phase-7-menu-text","phase-7-menu-text","void ReadAnyControl(ControlInfo *ci)"
"WL_MENU.C","SetTextColor","void",3456,"phase-7-menu-text","phase-7-menu-text","void SetTextColor(CP_itemtype far *items,int hlight)"
"WL_MENU.C","SetupControlPanel","void",3028,"phase-7-menu-text","phase-7-menu-text","void SetupControlPanel(void)"
"WL_MENU.C","ShootSnd","void",3869,"phase-7-menu-text","phase-7-menu-text","void ShootSnd(void)"
"WL_MENU.C","StartCPMusic","void",3764,"phase-7-menu-text","phase-7-menu-text","void StartCPMusic(int song)"
"WL_MENU.C","TicDelay","void",3404,"phase-7-menu-text","phase-7-menu-text","void TicDelay(int count)"
"WL_MENU.C","TrackWhichGame","void",1467,"phase-7-menu-text","phase-7-menu-text","void TrackWhichGame(int w)"
"WL_MENU.C","UnCacheLump","void",2990,"phase-7-menu-text","phase-7-menu-text","void UnCacheLump(int lumpstart,int lumpend)"
"WL_MENU.C","US_ControlPanel","void",331,"phase-7-menu-text","phase-7-menu-text","void US_ControlPanel(byte scancode)"
"WL_MENU.C","WaitKeyUp","void",3470,"phase-7-menu-text","phase-7-menu-text","void WaitKeyUp(void)"
"WL_TEXT.C","BackPage","void",516,"phase-7-menu-text","phase-7-menu-text","void BackPage(void)"
"WL_TEXT.C","CacheLayoutGraphics","void",542,"phase-7-menu-text","phase-7-menu-text","void CacheLayoutGraphics(void)"
"WL_TEXT.C","EndText","void",799,"phase-7-menu-text","phase-7-menu-text","void EndText(void)"
"WL_TEXT.C","HandleCommand","void",184,"phase-7-menu-text","phase-7-menu-text","void HandleCommand(void)"
"WL_TEXT.C","HandleCtrls","void",327,"phase-7-menu-text","phase-7-menu-text","void HandleCtrls(void)"
"WL_TEXT.C","HandleWord","void",350,"phase-7-menu-text","phase-7-menu-text","void HandleWord(void)"
"WL_TEXT.C","HelpScreens","void",746,"phase-7-menu-text","phase-7-menu-text","void HelpScreens(void)"
"WL_TEXT.C","NewLine","void",287,"phase-7-menu-text","phase-7-menu-text","void NewLine(void)"
"WL_TEXT.C","PageLayout","void",410,"phase-7-menu-text","phase-7-menu-text","void PageLayout(boolean shownumber)"
"WL_TEXT.C","ParseNumber","int",84,"phase-7-menu-text","phase-7-menu-text","int ParseNumber(void)"
"WL_TEXT.C","ParsePicCommand","void",123,"phase-7-menu-text","phase-7-menu-text","void ParsePicCommand(void)"
"WL_TEXT.C","ParseTimedCommand","void",131,"phase-7-menu-text","phase-7-menu-text","void ParseTimedCommand(void)"
"WL_TEXT.C","RipToEOL","void",69,"phase-7-menu-text","phase-7-menu-text","void RipToEOL(void)"
"WL_TEXT.C","TimedPicCommand","void",153,"phase-7-menu-text","phase-7-menu-text","void TimedPicCommand(void)"
"ID_SD.C","alOut","void",1270,"phase-8-audio","phase-8-audio","void alOut(byte n,byte b)"
"ID_SD.C","SD_Default","void",2010,"phase-8-audio","phase-8-audio","void SD_Default(boolean gotit,SDMode sd,SMMode sm)"
"ID_SD.C","SD_FadeOutMusic","void",2332,"phase-8-audio","phase-8-audio","void SD_FadeOutMusic(void)"
"ID_SD.C","SD_MusicOff","void",2284,"phase-8-audio","phase-8-audio","void SD_MusicOff(void)"
"ID_SD.C","SD_MusicOn","void",2273,"phase-8-audio","phase-8-audio","void SD_MusicOn(void)"
"ID_SD.C","SD_MusicPlaying","boolean",2350,"phase-8-audio","phase-8-audio","boolean SD_MusicPlaying(void)"
"ID_SD.C","SD_PlayDigitized","void",1127,"phase-8-audio","phase-8-audio","void SD_PlayDigitized(word which,int leftpos,int rightpos)"
"ID_SD.C","SD_PlaySound","boolean",2121,"phase-8-audio","phase-8-audio","boolean SD_PlaySound(soundnames sound)"
"ID_SD.C","SD_Poll","void",1081,"phase-8-audio","phase-8-audio","void SD_Poll(void)"
"ID_SD.C","SD_PositionSound","void",2108,"phase-8-audio","phase-8-audio","void SD_PositionSound(int leftvol,int rightvol)"
"ID_SD.C","SD_SetDigiDevice","void",1190,"phase-8-audio","phase-8-audio","void SD_SetDigiDevice(SDSMode mode)"
"ID_SD.C","SD_SetMusicMode","boolean",1828,"phase-8-audio","phase-8-audio","boolean SD_SetMusicMode(SMMode mode)"
"ID_SD.C","SD_SetPosition","void",1106,"phase-8-audio","phase-8-audio","void SD_SetPosition(int leftpos,int rightpos)"
"ID_SD.C","SD_SetSoundMode","boolean",1772,"phase-8-audio","phase-8-audio","boolean SD_SetSoundMode(SDMode mode)"
"ID_SD.C","SD_SetUserHook","void",2096,"phase-8-audio","phase-8-audio","void SD_SetUserHook(void (* hook)(void))"
"ID_SD.C","SD_Shutdown","void",2061,"phase-8-audio","phase-8-audio","void SD_Shutdown(void)"
"ID_SD.C","SD_SoundPlaying","word",2209,"phase-8-audio","phase-8-audio","word SD_SoundPlaying(void)"
"ID_SD.C","SD_StartMusic","void",2307,"phase-8-audio","phase-8-audio","void SD_StartMusic(MusicGroup far *music)"
"ID_SD.C","SD_Startup","void",1866,"phase-8-audio","phase-8-audio","void SD_Startup(void)"
"ID_SD.C","SD_StopDigitized","void",1042,"phase-8-audio","phase-8-audio","void SD_StopDigitized(void)"
"ID_SD.C","SD_StopSound","void",2235,"phase-8-audio","phase-8-audio","void SD_StopSound(void)"
"ID_SD.C","SD_WaitSoundDone","void",2261,"phase-8-audio","phase-8-audio","void SD_WaitSoundDone(void)"
"ID_SD.C","SDL_ALService","void",1496,"phase-8-audio","phase-8-audio","void SDL_ALService(void)"
"ID_SD.C","SDL_AlSetFXInst","static void",1398,"phase-8-audio","phase-8-audio","static void SDL_AlSetFXInst(Instrument far *inst)"
"ID_SD.C","SDL_ALSoundService","void",1469,"phase-8-audio","phase-8-audio","void SDL_ALSoundService(void)"
"ID_SD.C","SDL_CheckSB","static boolean",446,"phase-8-audio","phase-8-audio","static boolean SDL_CheckSB(int port)"
"ID_SD.C","SDL_CheckSS","static boolean",755,"phase-8-audio","phase-8-audio","static boolean SDL_CheckSS(void)"
"ID_SD.C","SDL_CleanAL","static void",1549,"phase-8-audio","phase-8-audio","static void SDL_CleanAL(void)"
"ID_SD.C","SDL_CleanDevice","static void",1741,"phase-8-audio","phase-8-audio","static void SDL_CleanDevice(void)"
"ID_SD.C","SDL_DetectAdLib","static boolean",1583,"phase-8-audio","phase-8-audio","static boolean SDL_DetectAdLib(void)"
"ID_SD.C","SDL_DetectSoundBlaster","static boolean",497,"phase-8-audio","phase-8-audio","static boolean SDL_DetectSoundBlaster(int port)"
"ID_SD.C","SDL_DetectSoundSource","static boolean",805,"phase-8-audio","phase-8-audio","static boolean SDL_DetectSoundSource(void)"
"ID_SD.C","SDL_DigitizedDone","void",1162,"phase-8-audio","phase-8-audio","void SDL_DigitizedDone(void)"
"ID_SD.C","SDL_LoadDigiSegment","memptr",993,"phase-8-audio","phase-8-audio","memptr SDL_LoadDigiSegment(word page)"
"ID_SD.C","SDL_PCService","static void",920,"phase-8-audio","phase-8-audio","static void SDL_PCService(void)"
"ID_SD.C","SDL_PlayDigiSegment","void",1025,"phase-8-audio","phase-8-audio","void SDL_PlayDigiSegment(memptr addr,word len)"
"ID_SD.C","SDL_PositionSBP","static void",419,"phase-8-audio","phase-8-audio","static void SDL_PositionSBP(int leftpos,int rightpos)"
"ID_SD.C","SDL_SBPlaySeg","static longword",294,"phase-8-audio","phase-8-audio","static longword SDL_SBPlaySeg(volatile byte huge *data,longword length)"
"ID_SD.C","SDL_SBService","static void",344,"phase-8-audio","phase-8-audio","static void SDL_SBService(void)"
"ID_SD.C","SDL_SBSetDMA","void",532,"phase-8-audio","phase-8-audio","void SDL_SBSetDMA(byte channel)"
"ID_SD.C","SDL_SetInstrument","static void",1338,"phase-8-audio","phase-8-audio","static void SDL_SetInstrument(int track,int which,Instrument far *inst,boolean percussive)"
"ID_SD.C","SDL_SetIntsPerSec","static void",206,"phase-8-audio","phase-8-audio","static void SDL_SetIntsPerSec(word ints)"
"ID_SD.C","SDL_SetTimer0","static void",178,"phase-8-audio","phase-8-audio","static void SDL_SetTimer0(word speed)"
"ID_SD.C","SDL_SetTimerSpeed","static void",212,"phase-8-audio","phase-8-audio","static void SDL_SetTimerSpeed(void)"
"ID_SD.C","SDL_SetupDigi","void",1232,"phase-8-audio","phase-8-audio","void SDL_SetupDigi(void)"
"ID_SD.C","SDL_ShutAL","static void",1530,"phase-8-audio","phase-8-audio","static void SDL_ShutAL(void)"
"ID_SD.C","SDL_ShutDevice","static void",1721,"phase-8-audio","phase-8-audio","static void SDL_ShutDevice(void)"
"ID_SD.C","SDL_ShutPC","static void",975,"phase-8-audio","phase-8-audio","static void SDL_ShutPC(void)"
"ID_SD.C","SDL_ShutSB","static void",605,"phase-8-audio","phase-8-audio","static void SDL_ShutSB(void)"
"ID_SD.C","SDL_ShutSS","static void",743,"phase-8-audio","phase-8-audio","static void SDL_ShutSS(void)"
"ID_SD.C","SDL_SSService","static void",651,"phase-8-audio","phase-8-audio","static void SDL_SSService(void)"
"ID_SD.C","SDL_StartAL","static void",1569,"phase-8-audio","phase-8-audio","static void SDL_StartAL(void)"
"ID_SD.C","SDL_StartDevice","static void",1753,"phase-8-audio","phase-8-audio","static void SDL_StartDevice(void)"
"ID_SD.C","SDL_StartSB","static void",549,"phase-8-audio","phase-8-audio","static void SDL_StartSB(void)"
"ID_SD.C","SDL_StartSS","static void",717,"phase-8-audio","phase-8-audio","static void SDL_StartSS(void)"
"ID_SD.C","SDL_t0Service","static void",1629,"phase-8-audio","phase-8-audio","static void SDL_t0Service(void)"
"CONTIGSC.C","BadScale","void",46,"shared","shared","void BadScale(void)"
"CONTIGSC.C","BuildCompScale","unsigned",152,"shared","shared","unsigned BuildCompScale(int height, byte far *code)"
"CONTIGSC.C","ScaleLine","void",246,"shared","shared","void ScaleLine(void)"
"CONTIGSC.C","ScaleShape","void",419,"shared","shared","void ScaleShape(int xcenter, int shapenum, unsigned height)"
"CONTIGSC.C","SetupScaling","long",60,"shared","shared","long SetupScaling(int maxscaleheight)"
"CONTIGSC.C","SimpleScaleShape","void",623,"shared","shared","void SimpleScaleShape(int xcenter, int shapenum, unsigned height)"
"DETECT.C","SDL_CheckSB","static boolean",6,"shared","shared","static boolean SDL_CheckSB(int port)"
"DETECT.C","SDL_DetectSoundBlaster","static boolean",57,"shared","shared","static boolean SDL_DetectSoundBlaster(int port)"
"ID_MM.C","MM_BombOnError","void",946,"shared","shared","void MM_BombOnError(boolean bomb)"
"ID_MM.C","MM_DumpData","void",820,"shared","shared","void MM_DumpData(void)"
"ID_MM.C","MM_FreePtr","void",557,"shared","shared","void MM_FreePtr(memptr *baseptr)"
"ID_MM.C","MM_GetPtr","void",433,"shared","shared","void MM_GetPtr(memptr *baseptr,unsigned long size)"
"ID_MM.C","MM_SetLock","void",628,"shared","shared","void MM_SetLock(memptr *baseptr, boolean locked)"
"ID_MM.C","MM_SetPurge","void",592,"shared","shared","void MM_SetPurge(memptr *baseptr, int purge)"
"ID_MM.C","MM_ShowMemory","void",770,"shared","shared","void MM_ShowMemory(void)"
"ID_MM.C","MM_Shutdown","void",411,"shared","shared","void MM_Shutdown(void)"
"ID_MM.C","MM_SortMem","void",664,"shared","shared","void MM_SortMem(void)"
"ID_MM.C","MM_Startup","void",331,"shared","shared","void MM_Startup(void)"
"ID_MM.C","MM_TotalFree","long",917,"shared","shared","long MM_TotalFree(void)"
"ID_MM.C","MM_UnusedMemory","long",887,"shared","shared","long MM_UnusedMemory(void)"
"ID_MM.C","MML_CheckForXMS","boolean",127,"shared","shared","boolean MML_CheckForXMS(void)"
"ID_MM.C","MML_ClearBlock","void",296,"shared","shared","void MML_ClearBlock(void)"
"ID_MM.C","MML_SetupXMS","void",154,"shared","shared","void MML_SetupXMS(void)"
"ID_MM.C","MML_ShutdownXMS","void",206,"shared","shared","void MML_ShutdownXMS(void)"
"ID_MM.C","MML_UseSpace","void",235,"shared","shared","void MML_UseSpace(unsigned segstart, unsigned seglength)"
"ID_PM.C","PM_CheckMainMem","void",348,"shared","shared","void PM_CheckMainMem(void)"
"ID_PM.C","PM_GetPage","memptr",875,"shared","shared","memptr PM_GetPage(int pagenum)"
"ID_PM.C","PM_GetPageAddress","memptr",626,"shared","shared","memptr PM_GetPageAddress(int pagenum)"
"ID_PM.C","PM_NextFrame","void",1071,"shared","shared","void PM_NextFrame(void)"
"ID_PM.C","PM_Preload","void",946,"shared","shared","void PM_Preload(boolean (*update)(word current,word total))"
"ID_PM.C","PM_Reset","void",1112,"shared","shared","void PM_Reset(void)"
"ID_PM.C","PM_SetMainMemPurge","void",325,"shared","shared","void PM_SetMainMemPurge(int level)"
"ID_PM.C","PM_SetPageLock","void",932,"shared","shared","void PM_SetPageLock(int pagenum,PMLockType lock)"
"ID_PM.C","PM_Shutdown","void",1186,"shared","shared","void PM_Shutdown(void)"
"ID_PM.C","PM_Startup","void",1140,"shared","shared","void PM_Startup(void)"
"ID_PM.C","PML_ClosePageFile","void",533,"shared","shared","void PML_ClosePageFile(void)"
"ID_PM.C","PML_CopyFromXMS","void",292,"shared","shared","void PML_CopyFromXMS(byte far *target,int sourcepage,word length)"
"ID_PM.C","PML_CopyToXMS","void",282,"shared","shared","void PML_CopyToXMS(byte far *source,int targetpage,word length)"
"ID_PM.C","PML_GetAPageBuffer","byte *",778,"shared","shared","byte * PML_GetAPageBuffer(int pagenum,boolean mainonly)"
"ID_PM.C","PML_GetEMSAddress","memptr",560,"shared","shared","memptr PML_GetEMSAddress(int page,PMLockType lock)"
"ID_PM.C","PML_GetEMSAddress","memptr",606,"shared","shared","memptr PML_GetEMSAddress(int page,PMLockType lock)"
"ID_PM.C","PML_GetPageFromXMS","memptr",830,"shared","shared","memptr PML_GetPageFromXMS(int pagenum,boolean mainonly)"
"ID_PM.C","PML_GiveLRUPage","int",644,"shared","shared","int PML_GiveLRUPage(boolean mainonly)"
"ID_PM.C","PML_GiveLRUXMSPage","int",676,"shared","shared","int PML_GiveLRUXMSPage(void)"
"ID_PM.C","PML_LoadPage","void",857,"shared","shared","void PML_LoadPage(int pagenum,boolean mainonly)"
"ID_PM.C","PML_MapEMS","void",56,"shared","shared","void PML_MapEMS(word logical,word physical)"
"ID_PM.C","PML_OpenPageFile","void",483,"shared","shared","void PML_OpenPageFile(void)"
"ID_PM.C","PML_PutPageInXMS","void",703,"shared","shared","void PML_PutPageInXMS(int pagenum)"
"ID_PM.C","PML_ReadFromFile","void",467,"shared","shared","void PML_ReadFromFile(byte far *buf,long offset,word length)"
"ID_PM.C","PML_ShutdownEMS","void",170,"shared","shared","void PML_ShutdownEMS(void)"
"ID_PM.C","PML_ShutdownMainMem","void",446,"shared","shared","void PML_ShutdownMainMem(void)"
"ID_PM.C","PML_ShutdownXMS","void",302,"shared","shared","void PML_ShutdownXMS(void)"
"ID_PM.C","PML_StartupEMS","boolean",79,"shared","shared","boolean PML_StartupEMS(void)"
"ID_PM.C","PML_StartupMainMem","void",417,"shared","shared","void PML_StartupMainMem(void)"
"ID_PM.C","PML_StartupXMS","boolean",195,"shared","shared","boolean PML_StartupXMS(void)"
"ID_PM.C","PML_TransferPageSpace","memptr",733,"shared","shared","memptr PML_TransferPageSpace(int orig,int new)"
"ID_PM.C","PML_XMSCopy","void",242,"shared","shared","void PML_XMSCopy(boolean toxms,byte far *addr,word xmspage,word length)"
"ID_VH.C","FizzleFade","boolean",469,"shared","shared","boolean FizzleFade(unsigned source, unsigned dest,
	unsigned width,unsigned height, unsigned frames, boolean abortable)"
"ID_VH.C","LatchDrawPic","void",373,"shared","shared","void LatchDrawPic(unsigned x, unsigned y, unsigned picnum)"
"ID_VH.C","LoadLatchMem","void",395,"shared","shared","void LoadLatchMem(void)"
"ID_VH.C","VL_MungePic","void",168,"shared","shared","void VL_MungePic(byte far *source, unsigned width, unsigned height)"
"ID_VH.C","VW_DrawColorPropString","void",93,"shared","shared","void VW_DrawColorPropString(char far *string)"
"ID_VH.C","VW_DrawPropString","void",38,"shared","shared","void VW_DrawPropString(char far *string)"
"ID_VH.C","VW_MarkUpdateBlock","int",244,"shared","shared","int VW_MarkUpdateBlock(int x1, int y1, int x2, int y2)"
"ID_VH.C","VW_MeasureMPropString","void",217,"shared","shared","void VW_MeasureMPropString(char far *string, word *width, word *height)"
"ID_VH.C","VW_MeasurePropString","void",212,"shared","shared","void VW_MeasurePropString(char far *string, word *width, word *height)"
"ID_VH.C","VW_UpdateScreen","void",351,"shared","shared","void VW_UpdateScreen(void)"
"ID_VH.C","VWB_Bar","void",326,"shared","shared","void VWB_Bar(int x, int y, int width, int height, int color)"
"ID_VH.C","VWB_DrawPic","void",301,"shared","shared","void VWB_DrawPic(int x, int y, int chunknum)"
"ID_VH.C","VWB_DrawPropString","void",316,"shared","shared","void VWB_DrawPropString(char far *string)"
"ID_VH.C","VWB_DrawTile8","void",289,"shared","shared","void VWB_DrawTile8(int x, int y, int tile)"
"ID_VH.C","VWB_DrawTile8M","void",295,"shared","shared","void VWB_DrawTile8M(int x, int y, int tile)"
"ID_VH.C","VWB_Hlin","void",339,"shared","shared","void VWB_Hlin(int x1, int x2, int y, int color)"
"ID_VH.C","VWB_Plot","void",333,"shared","shared","void VWB_Plot(int x, int y, int color)"
"ID_VH.C","VWB_Vlin","void",345,"shared","shared","void VWB_Vlin(int y1, int y2, int x, int color)"
"ID_VH.C","VWL_MeasureString","void",204,"shared","shared","void VWL_MeasureString(char far *string, word *width, word *height
	, fontstruct _seg *font)"
"ID_VL.C","VL_Bar","void",690,"shared","shared","void VL_Bar(int x, int y, int width, int height, int color)"
"ID_VL.C","VL_ClearVideo","void",149,"shared","shared","void VL_ClearVideo(byte color)"
"ID_VL.C","VL_ColorBorder","void",567,"shared","shared","void VL_ColorBorder(int color)"
"ID_VL.C","VL_DePlaneVGA","void",190,"shared","shared","void VL_DePlaneVGA(void)"
"ID_VL.C","VL_DrawLatch8String","void",1003,"shared","shared","void VL_DrawLatch8String(char *str, unsigned tile8ptr, int printx, int printy)"
"ID_VL.C","VL_DrawTile8String","void",958,"shared","shared","void VL_DrawTile8String(char *str, char far *tile8ptr, int printx, int printy)"
"ID_VL.C","VL_FadeIn","void",498,"shared","shared","void VL_FadeIn(int start, int end, byte far *palette, int steps)"
"ID_VL.C","VL_FadeOut","void",448,"shared","shared","void VL_FadeOut(int start, int end, int red, int green, int blue, int steps)"
"ID_VL.C","VL_FillPalette","void",307,"shared","shared","void VL_FillPalette(int red, int green, int blue)"
"ID_VL.C","VL_GetColor","void",348,"shared","shared","void VL_GetColor(int color, int *red, int *green, int *blue)"
"ID_VL.C","VL_GetPalette","void",426,"shared","shared","void VL_GetPalette(byte far *palette)"
"ID_VL.C","VL_Hlin","void",618,"shared","shared","void VL_Hlin(unsigned x, unsigned y, unsigned width, unsigned color)"
"ID_VL.C","VL_LatchToScreen","void",859,"shared","shared","void VL_LatchToScreen(unsigned source, int width, int height, int x, int y)"
"ID_VL.C","VL_MaskedToScreen","void",824,"shared","shared","void VL_MaskedToScreen(byte far *source, int width, int height, int x, int y)"
"ID_VL.C","VL_MemToLatch","void",750,"shared","shared","void VL_MemToLatch(byte far *source, int width, int height, unsigned dest)"
"ID_VL.C","VL_MemToScreen","void",789,"shared","shared","void VL_MemToScreen(byte far *source, int width, int height, int x, int y)"
"ID_VL.C","VL_Plot","void",599,"shared","shared","void VL_Plot(int x, int y, int color)"
"ID_VL.C","VL_ScreenToScreen","void",907,"shared","shared","void VL_ScreenToScreen(unsigned source, unsigned dest,int width, int height)"
"ID_VL.C","VL_SetColor","void",330,"shared","shared","void VL_SetColor(int color, int red, int green, int blue)"
"ID_VL.C","VL_SetLineWidth","void",244,"shared","shared","void VL_SetLineWidth(unsigned width)"
"ID_VL.C","VL_SetPalette","void",369,"shared","shared","void VL_SetPalette(byte far *palette)"
"ID_VL.C","VL_SetSplitScreen","void",275,"shared","shared","void VL_SetSplitScreen(int linenum)"
"ID_VL.C","VL_SetTextMode","void",131,"shared","shared","void VL_SetTextMode(void)"
"ID_VL.C","VL_SetVGAPlaneMode","void",113,"shared","shared","void VL_SetVGAPlaneMode(void)"
"ID_VL.C","VL_Shutdown","void",99,"shared","shared","void VL_Shutdown(void)"
"ID_VL.C","VL_SizeTile8String","void",1069,"shared","shared","void VL_SizeTile8String(char *str, int *width, int *height)"
"ID_VL.C","VL_Startup","void",50,"shared","shared","void VL_Startup(void)"
"ID_VL.C","VL_Startup","void",69,"shared","shared","void VL_Startup(void)"
"ID_VL.C","VL_TestPaletteSet","void",544,"shared","shared","void VL_TestPaletteSet(void)"
"ID_VL.C","VL_Vlin","void",663,"shared","shared","void VL_Vlin(int x, int y, int height, int color)"
"MUNGE.C","VL_MungePic","void",8,"shared","shared","void VL_MungePic(unsigned char far *source, unsigned width, unsigned height)"
"OLDSCALE.C","BadScale","void",42,"shared","shared","void BadScale(void)"
"OLDSCALE.C","BuildCompScale","unsigned",153,"shared","shared","unsigned BuildCompScale(int height, memptr *finalspot)"
"OLDSCALE.C","ScaleLine","void",250,"shared","shared","void ScaleLine(void)"
"OLDSCALE.C","ScaleShape","void",423,"shared","shared","void ScaleShape(int xcenter, int shapenum, unsigned height)"
"OLDSCALE.C","SetupScaling","void",56,"shared","shared","void SetupScaling(int maxscaleheight)"
"OLDSCALE.C","SimpleScaleShape","void",627,"shared","shared","void SimpleScaleShape(int xcenter, int shapenum, unsigned height)"
"WL_DEBUG.C","CountObjects","void",84,"shared","shared","void CountObjects(void)"
"WL_DEBUG.C","DebugKeys","int",413,"shared","shared","int DebugKeys(void)"
"WL_DEBUG.C","DebugMemory","void",52,"shared","shared","void DebugMemory(void)"
"WL_DEBUG.C","OverheadRefresh","void",609,"shared","shared","void OverheadRefresh(void)"
"WL_DEBUG.C","PicturePause","void",135,"shared","shared","void PicturePause(void)"
"WL_DEBUG.C","ShapeTest","void",216,"shared","shared","void ShapeTest(void)"
"WL_DEBUG.C","ViewMap","void",667,"shared","shared","void ViewMap(void)"
"WOLFHACK.C","DrawPlanes","void",140,"shared","shared","void DrawPlanes(void)"
"WOLFHACK.C","DrawSpans","void",43,"shared","shared","void DrawSpans(int x1, int x2, int height)"
"WOLFHACK.C","FixedMul","fixed",19,"shared","shared","fixed FixedMul(fixed a, fixed b)"
"WOLFHACK.C","SetPlaneViewSize","void",96,"shared","shared","void SetPlaneViewSize(void)"
